id,name,model_id:id,group_id:id,perm_read,perm_write,perm_create,perm_unlink
access_school_actividad,school.actividad.user,model_school_actividad,base.group_user,1,1,1,1
access_school_comunicado,school.comunicado.user,model_school_comunicado,base.group_user,1,1,1,1
access_school_curso,school.curso.user,model_school_curso,base.group_user,1,1,1,1
access_school_paralelo,school.paralelo.user,model_school_paralelo,base.group_user,1,1,1,1
access_school_estudiante,school.estudiante.user,model_school_estudiante,,1,1,1,1
access_school_profesor,school.profesor.user,model_school_profesor,base.group_user,1,1,1,1
access_school_tutor,school.tutor.user,model_school_tutor,base.group_user,1,1,1,1
access_school_school,school.school.user,model_school_school,base.group_user,1,1,1,1
access_ir_attachment_public,access_ir_attachment_public,model_ir_attachment,base.group_public,1,0,0,0
